brand,model,whole_name,price,vendor,link
Google,Pixel 7 Pro,Google Pixel 7 Pro 128GB Obsidian,47980,Anhoch,https://www.anhoch.com/products/google-pixel-7-pro-128gb-obsidian-7893
Samsung,Galaxy S23 Ultra,Samsung Galaxy S23 Ultra 5G 8GB/256GB Cream,69980,Anhoch,https://www.anhoch.com/products/samsung-galaxy-s23-ultra-5g-8gb256gb-cream-0920
Motorola,Moto G54 Power Edition,Motorola Moto G54 Power Edition 5G eSIM 12GB/256GB Pearl Blue,12980,Anhoch,https://www.anhoch.com/products/motorola-moto-g54-power-edition-5g-esim-12gb256gb-pearl-blue-1688
Samsung,Galaxy XCover7,Samsung Galaxy XCover7 Rugged 5G 6GB/128GB Black,17980,Anhoch,https://www.anhoch.com/products/samsung-galaxy-xcover7-rugged-5g-6gb128gb-black-7144
Samsung,Galaxy S23 Ultra,Samsung Galaxy S23 Ultra 5G 12GB/512GB Green,79980,Anhoch,https://www.anhoch.com/products/samsung-galaxy-s23-ultra-5g-12gb512gb-green-0923
Samsung,Galaxy S23 Ultra,Samsung Galaxy S23 Ultra 5G 12GB/512GB Phantom Black,79980,Anhoch,https://www.anhoch.com/products/samsung-galaxy-s23-ultra-5g-12gb512gb-phantom-black-0925
Samsung,Galaxy Z Flip 6,Samsung Galaxy Z Flip 6 5G 12GB/256GB Blue,58980,Anhoch,https://www.anhoch.com/products/samsung-galaxy-z-flip-6-5g-12gb256gb-blue-5869
Motorola,Moto G24,Motorola Moto G24 8GB/128GB Ice Green,7980,Anhoch,https://www.anhoch.com/products/motorola-moto-g24-8gb128gb-ice-green-2206
Samsung,Galaxy Z Flip 6,Samsung Galaxy Z Flip 6 5G 12GB/256GB Mint Green,58980,Anhoch,https://www.anhoch.com/products/samsung-galaxy-z-flip-6-5g-12gb256gb-mint-green-5870
Motorola,Moto G24,Motorola Moto G24 8GB/128GB Matte Charcoal,7980,Anhoch,https://www.anhoch.com/products/motorola-moto-g24-8gb128gb-matte-charcoal-2207
Samsung,Galaxy Z Flip 6,Samsung Galaxy Z Flip 6 5G 12GB/256GB Silver Shadow,58980,Anhoch,https://www.anhoch.com/products/samsung-galaxy-z-flip-6-5g-12gb256gb-silver-shadow-5871
Motorola,Moto G54 Power Edition,Motorola Moto G54 Power Edition 5G eSIM 12GB/256GB Mint Green,12980,Anhoch,https://www.anhoch.com/products/motorola-moto-g54-power-edition-5g-esim-12gb256gb-mint-green-2208
Samsung,Galaxy Z Flip 6,Samsung Galaxy Z Flip 6 5G 12GB/256GB Yellow,58980,Anhoch,https://www.anhoch.com/products/samsung-galaxy-z-flip-6-5g-12gb256gb-yellow-5872
Motorola,Edge 40 Neo,Motorola Edge 40 Neo 5G 12GB/256GB pOLED 144Hz Peach Fuzz,17480,Anhoch,https://www.anhoch.com/products/motorola-edge-40-neo-5g-12gb256gb-poled-144hz-peach-fuzz-2209
Samsung,Galaxy Z Fold 6,Samsung Galaxy Z Fold 6 5G 12GB/256GB Navy Blue,92980,Anhoch,https://www.anhoch.com/products/samsung-galaxy-z-fold-6-5g-12gb256gb-navy-blue-5874
Denver,F1806,Mobile Phone Denver F1806 Black,1390,Anhoch,https://www.anhoch.com/products/mobile-phone-denver-f1806-black-9699
Samsung,Galaxy Z Fold 6,Samsung Galaxy Z Fold 6 5G 12GB/256GB Silver Shadow,92980,Anhoch,https://www.anhoch.com/products/samsung-galaxy-z-fold-6-5g-12gb256gb-silver-shadow-5876
Samsung,Galaxy Z Fold 6,Samsung Galaxy Z Fold 6 5G 12GB/512GB Silver Shadow,99980,Anhoch,https://www.anhoch.com/products/samsung-galaxy-z-fold-6-5g-12gb512gb-silver-shadow-5877
Xiaomi,Xiaomi 14T,Xiaomi 14T 5G 12GB/256GB Titan Black,34980,Anhoch,https://www.anhoch.com/products/xiaomi-14t-5g-12gb256gb-titan-black-7158
Denver,B185,Mobile Phone Denver B185 Black,1980,Anhoch,https://www.anhoch.com/products/mobile-phone-denver-b185-black-9702
Xiaomi,Xiaomi 14T,Xiaomi 14T 5G 12GB/256GB Titan Gray,34980,Anhoch,https://www.anhoch.com/products/xiaomi-14t-5g-12gb256gb-titan-gray-7159
Samsung,Galaxy S21 FE,Samsung Galaxy S21 FE 5G 6GB/128GB DualSIM Light Violet,19980,Anhoch,https://www.anhoch.com/products/samsung-galaxy-s21-fe-5g-6gb128gb-dualsim-light-violet-9915
Xiaomi,Redmi 14C,Xiaomi Redmi 14C 4GB/128GB Sage Green,6980,Anhoch,https://www.anhoch.com/products/xiaomi-redmi-14c-4gb128gb-sage-green-7167
Xiaomi,Redmi 14C,Xiaomi Redmi 14C 4GB/128GB Starry Blue,6980,Anhoch,https://www.anhoch.com/products/xiaomi-redmi-14c-4gb128gb-starry-blue-7171
Samsung,Galaxy A05s,Samsung Galaxy A05s A057 4GB/64GB Dual Sim Black,6480,Anhoch,https://www.anhoch.com/products/samsung-galaxy-a05s-a057-4gb64gb-dual-sim-black-1980
Samsung,Galaxy A25,Samsung Galaxy A25 A256F 5G 6GB/128GB Dual Sim Blue,12480,Anhoch,https://www.anhoch.com/products/samsung-galaxy-a25-a256f-5g-6gb128gb-dual-sim-blue-1981
Xiaomi,Redmi A3,Xiaomi Redmi A3 3GB/64GB Midnight Black,4480,Anhoch,https://www.anhoch.com/products/xiaomi-redmi-a3-3gb64gb-midnight-black-2237
Xiaomi,Redmi A3,Xiaomi Redmi A3 4GB/128GB Forest Green,5480,Anhoch,https://www.anhoch.com/products/xiaomi-redmi-a3-4gb128gb-forest-green-5901
Samsung,Galaxy A25,Samsung Galaxy A25 A256F 5G 6GB/128GB Dual Sim Black,12480,Anhoch,https://www.anhoch.com/products/samsung-galaxy-a25-a256f-5g-6gb128gb-dual-sim-black-1982
Samsung,Galaxy A25,Samsung Galaxy A25 A256F 5G 6GB/128GB Dual Sim Yellow,12480,Anhoch,https://www.anhoch.com/products/samsung-galaxy-a25-a256f-5g-6gb128gb-dual-sim-yellow-1983
Xiaomi,Redmi A3,Xiaomi Redmi A3 3GB/64GB Forest Green,4480,Anhoch,https://www.anhoch.com/products/xiaomi-redmi-a3-3gb64gb-forest-green-2239
Samsung,Galaxy A05s,Samsung Galaxy A05s A057 4GB/64GB Dual Sim Green,6480,Anhoch,https://www.anhoch.com/products/samsung-galaxy-a05s-a057-4gb64gb-dual-sim-green-1984
Blackview,A50,Smartphone Blackview A50 Black HD+ 20:9 Quad 2.0GHz/3GB/64GB/Dual SIM/5MP+Triple13MP/A11,4780,Anhoch,https://www.anhoch.com/products/smartphone-blackview-a50-black-hd-plus--209-quad-20ghz3gb64gbdual-sim5mp-plus-triple13mpa11-8718
Blackview,A50,Smartphone Blackview A50 Green HD+ 20:9 Quad 2.0GHz/3GB/64GB/Dual SIM/5MP+Triple13MP/A11,4780,Anhoch,https://www.anhoch.com/products/smartphone-blackview-a50-green-hd-plus--209-quad-20ghz3gb64gbdual-sim5mp-plus-triple13mpa11-8719
Apple,iPhone 16 Pro,Apple iPhone 16 Pro 128GB Black Titanium,80680,Anhoch,https://www.anhoch.com/products/apple-iphone-16-pro-128gb-black-titanium-3583
Xiaomi,Redmi 14C,Xiaomi Redmi 14C 4GB/128GB Midnight Black,6980,Anhoch,https://www.anhoch.com/products/xiaomi-redmi-14c-4gb128gb-midnight-black-7208
Xiaomi,Redmi 14C,Xiaomi Redmi 14C 8GB/256GB Starry Blue,8980,Anhoch,https://www.anhoch.com/products/xiaomi-redmi-14c-8gb256gb-starry-blue-7209
Xiaomi,Redmi 14C,Xiaomi Redmi 14C 8GB/256GB Sage Green,8980,Anhoch,https://www.anhoch.com/products/xiaomi-redmi-14c-8gb256gb-sage-green-7210
Apple,iPhone 15 Pro Max,Apple iPhone 15 Pro Max 1TB Black Titanium,104980,Anhoch,https://www.anhoch.com/products/apple-iphone-15-pro-max-1tb-black-titanium-0266
Xiaomi,Redmi Note 13,Xiaomi Redmi Note 13 6GB/128GB Ice Blue,9980,Anhoch,https://www.anhoch.com/products/xiaomi-redmi-note-13-6gb128gb-ice-blue-2012
Xiaomi,Redmi Note 13,Xiaomi Redmi Note 13 6GB/128GB Midnight Black,9980,Anhoch,https://www.anhoch.com/products/xiaomi-redmi-note-13-6gb128gb-midnight-black-2013
Xiaomi,Redmi Note 13,Xiaomi Redmi Note 13 6GB/128GB Mint Green,9980,Anhoch,https://www.anhoch.com/products/xiaomi-redmi-note-13-6gb128gb-mint-green-2014
Xiaomi,Redmi Note 13,Xiaomi Redmi Note 13 8GB/256GB Ice Blue,10980,Anhoch,https://www.anhoch.com/products/xiaomi-redmi-note-13-8gb256gb-ice-blue-2015
Xiaomi,Redmi Note 13,Xiaomi Redmi Note 13 8GB/256GB Midnight Black,10980,Anhoch,https://www.anhoch.com/products/xiaomi-redmi-note-13-8gb256gb-midnight-black-2016
Xiaomi,Redmi Note 13,Xiaomi Redmi Note 13 8GB/256GB Mint Green,10980,Anhoch,https://www.anhoch.com/products/xiaomi-redmi-note-13-8gb256gb-mint-green-2017
Xiaomi,Redmi Note 13 Pro,Xiaomi Redmi Note 13 Pro 8GB/256GB Lavander Purple,15980,Anhoch,https://www.anhoch.com/products/xiaomi-redmi-note-13-pro-8gb256gb-lavander-purple-2018
Xiaomi,Redmi Note 13 Pro,Xiaomi Redmi Note 13 Pro 8GB/256GB Midnight Black,15980,Anhoch,https://www.anhoch.com/products/xiaomi-redmi-note-13-pro-8gb256gb-midnight-black-2019
Xiaomi,Redmi Note 13 Pro+,Xiaomi Redmi Note 13 Pro+ 5G 8GB/256GB Midnight Black,20980,Anhoch,https://www.anhoch.com/products/xiaomi-redmi-note-13-pro-plus--5g-8gb256gb-midnight-black-2020
Xiaomi,Redmi Note 13 Pro+,Xiaomi Redmi Note 13 Pro+ 5G 12GB/512GB Midnight Black,22980,Anhoch,https://www.anhoch.com/products/xiaomi-redmi-note-13-pro-plus--5g-12gb512gb-midnight-black-2021
Xiaomi,Redmi Note 13 Pro+,Xiaomi Redmi Note 13 Pro+ 5G 12GB/512GB Moonlight White,22980,Anhoch,https://www.anhoch.com/products/xiaomi-redmi-note-13-pro-plus--5g-12gb512gb-moonlight-white-2022
Samsung,Galaxy Z Flip 5,Samsung Galaxy Z Flip 5 5G 8GB/256GB Mint,55980,Anhoch,https://www.anhoch.com/products/samsung-galaxy-z-flip-5-5g-8gb256gb-mint-1516
Apple,iPhone 15 Pro,Apple iPhone 15 Pro 256GB Natural-Titanium,74980,Anhoch,https://www.anhoch.com/products/apple-iphone-15-pro-256gb-naturaltitanium-2334
Samsung,Galaxy Z Flip 5,Samsung Galaxy Z Flip 5 5G 8GB/256GB Cream,55980,Anhoch,https://www.anhoch.com/products/samsung-galaxy-z-flip-5-5g-8gb256gb-cream-1519
Samsung,Galaxy S24 5,Samsung Galaxy S24 5G 8GB/128GB Amber Yellow,44980,Anhoch,https://www.anhoch.com/products/samsung-galaxy-s24-5g-8gb128gb-amber-yellow-2031
Samsung,Galaxy Z Fold 5,Samsung Galaxy Z Fold 5 5G 12GB/256GB Icy Blue,72980,Anhoch,https://www.anhoch.com/products/samsung-galaxy-z-fold-5-5g-12gb256gb-icy-blue-1520
Samsung,Galaxy S24 5,Samsung Galaxy S24 5G 8GB/128GB Cobalt Violet,44980,Anhoch,https://www.anhoch.com/products/samsung-galaxy-s24-5g-8gb128gb-cobalt-violet-2032
Xiaomi,Redmi 13,Xiaomi Redmi 13 6GB/128GB Midnight Black,8480,Anhoch,https://www.anhoch.com/products/xiaomi-redmi-13-6gb128gb-midnight-black-5696
Samsung,Galaxy S24 5,Samsung Galaxy S24 5G 8GB/128GB Marble Gray,44980,Anhoch,https://www.anhoch.com/products/samsung-galaxy-s24-5g-8gb128gb-marble-gray-2033
Xiaomi,Redmi 13,Xiaomi Redmi 13 6GB/128GB Ocean Blue,8480,Anhoch,https://www.anhoch.com/products/xiaomi-redmi-13-6gb128gb-ocean-blue-5697
Samsung,Galaxy S24 5,Samsung Galaxy S24 5G 8GB/128GB Onyx Black,44980,Anhoch,https://www.anhoch.com/products/samsung-galaxy-s24-5g-8gb128gb-onyx-black-2034
Xiaomi,Redmi 13,Xiaomi Redmi 13 6GB/128GB Pearl Pink,8480,Anhoch,https://www.anhoch.com/products/xiaomi-redmi-13-6gb128gb-pearl-pink-5698
Samsung,Galaxy Z Fold 5,Samsung Galaxy Z Fold 5 5G 12GB/256GB Phantom Black,72980,Anhoch,https://www.anhoch.com/products/samsung-galaxy-z-fold-5-5g-12gb256gb-phantom-black-1523
Samsung,Galaxy S24 5,Samsung Galaxy S24 5G 8GB/256GB Amber Yellow,47480,Anhoch,https://www.anhoch.com/products/samsung-galaxy-s24-5g-8gb256gb-amber-yellow-2035
Xiaomi,Redmi 13,Xiaomi Redmi 13 8GB/256GB Midnight Black,9480,Anhoch,https://www.anhoch.com/products/xiaomi-redmi-13-8gb256gb-midnight-black-5699
Xiaomi,Redmi 13,Xiaomi Redmi 13 8GB/256GB Ocean Blue,9480,Anhoch,https://www.anhoch.com/products/xiaomi-redmi-13-8gb256gb-ocean-blue-5700
Xiaomi,Redmi 13,Xiaomi Redmi 13 8GB/256GB Pearl Pink,9480,Anhoch,https://www.anhoch.com/products/xiaomi-redmi-13-8gb256gb-pearl-pink-5701
Samsung,Galaxy S24 5,Samsung Galaxy S24 5G 8GB/256GB Onyx Black,47480,Anhoch,https://www.anhoch.com/products/samsung-galaxy-s24-5g-8gb256gb-onyx-black-2038
Samsung,Galaxy S24 Ultra,Samsung Galaxy S24 Ultra 5G 12GB/256GB Titanium Black,74980,Anhoch,https://www.anhoch.com/products/samsung-galaxy-s24-ultra-5g-12gb256gb-titanium-black-2039
Samsung,Galaxy S24 Ultra,Samsung Galaxy S24 Ultra 5G 12GB/256GB Titanium Gray,74980,Anhoch,https://www.anhoch.com/products/samsung-galaxy-s24-ultra-5g-12gb256gb-titanium-gray-2040
Apple,iPhone 11,Apple iPhone 11 64GB White,26980,Anhoch,https://www.anhoch.com/products/apple-iphone-11-64gb-white-2600
Samsung,Galaxy S24 Ultra,Samsung Galaxy S24 Ultra 5G 12GB/256GB Titanium Violet,74980,Anhoch,https://www.anhoch.com/products/samsung-galaxy-s24-ultra-5g-12gb256gb-titanium-violet-2041
Samsung,Galaxy S24 Ultra,Samsung Galaxy S24 Ultra 5G 12GB/256GB Titanium Yellow,74980,Anhoch,https://www.anhoch.com/products/samsung-galaxy-s24-ultra-5g-12gb256gb-titanium-yellow-2042
Samsung,Galaxy A06,Samsung Galaxy A06 A065 6GB/128GB Gold,8480,Anhoch,https://www.anhoch.com/products/samsung-galaxy-a06-a065-6gb128gb-gold-7242
Samsung,Galaxy S24 Ultra,Samsung Galaxy S24 Ultra 5G 12GB/512GB Titanium Black,81980,Anhoch,https://www.anhoch.com/products/samsung-galaxy-s24-ultra-5g-12gb512gb-titanium-black-2043
Samsung,Galaxy A06,Samsung Galaxy A06 A065 6GB/128GB Black,8480,Anhoch,https://www.anhoch.com/products/samsung-galaxy-a06-a065-6gb128gb-black-7243
Samsung,Galaxy S24 Ultra,Samsung Galaxy S24 Ultra 5G 12GB/512GB Titanium Gray,81980,Anhoch,https://www.anhoch.com/products/samsung-galaxy-s24-ultra-5g-12gb512gb-titanium-gray-2044
Samsung,Galaxy A06,Samsung Galaxy A06 A065 6GB/128GB Light Blue,8480,Anhoch,https://www.anhoch.com/products/samsung-galaxy-a06-a065-6gb128gb-light-blue-7244
Samsung,Galaxy S24 Ultra,Samsung Galaxy S24 Ultra 5G 12GB/512GB Titanium Violet,81980,Anhoch,https://www.anhoch.com/products/samsung-galaxy-s24-ultra-5g-12gb512gb-titanium-violet-2045
Samsung,Galaxy S24+,Samsung Galaxy S24+ 5G 12GB/256GB Cobalt Violet,57980,Anhoch,https://www.anhoch.com/products/samsung-galaxy-s24-plus--5g-12gb256gb-cobalt-violet-2048
Samsung,Galaxy S24+,Samsung Galaxy S24+ 5G 12GB/256GB Onyx Black,57980,Anhoch,https://www.anhoch.com/products/samsung-galaxy-s24-plus--5g-12gb256gb-onyx-black-2050
Xiaomi,Redmi 14C,Xiaomi Redmi 14C 8GB/256GB Midnight Black,8980,Anhoch,https://www.anhoch.com/products/xiaomi-redmi-14c-8gb256gb-midnight-black-7252
Nokia,Nokia 225,Nokia 225 4G (2024) Dual Sim Dark Blue,3780,Anhoch,https://www.anhoch.com/products/nokia-225-4g-2024-dual-sim-dark-blue-3380
Samsung,Galaxy S24+,Samsung Galaxy S24+ 5G 12GB/512GB Marble Gray,64980,Anhoch,https://www.anhoch.com/products/samsung-galaxy-s24-plus--5g-12gb512gb-marble-gray-2053
Nokia,Nokia 3210,Nokia 3210 4G (2024) Dual Sim Black,4780,Anhoch,https://www.anhoch.com/products/nokia-3210-4g-2024-dual-sim-black-3381
Samsung,Galaxy S24+,Samsung Galaxy S24+ 5G 12GB/512GB Onyx Black,64980,Anhoch,https://www.anhoch.com/products/samsung-galaxy-s24-plus--5g-12gb512gb-onyx-black-2054
Apple,iPhone 14,Apple iPhone 14 128GB Blue,43680,Anhoch,https://www.anhoch.com/products/apple-iphone-14-128gb--blue-3382
Apple,iPhone 14,Apple iPhone 14 128GB Starlight MPUR3Z,43680,Anhoch,https://www.anhoch.com/products/apple-iphone-14-128gb-starlight-mpur3z-3383
Samsung,Galaxy Z Flip 5,Samsung Galaxy Z Flip 5 5G 8GB/256GB Graphite,55980,Anhoch,https://www.anhoch.com/products/samsung-galaxy-z-flip-5-5g-8gb256gb-graphite-1547
Motorola,Edge 40 Neo,Motorola Edge 40 Neo 5G 12GB/256GB pOLED 144Hz Soothing Sea,17480,Anhoch,https://www.anhoch.com/products/motorola-edge-40-neo-5g-12gb256gb-poled-144hz-soothing-sea-1804
Motorola,Edge 40 Neo,Motorola Edge 40 Neo 5G 12GB/256GB pOLED 144Hz Black Beauty,17480,Anhoch,https://www.anhoch.com/products/motorola-edge-40-neo-5g-12gb256gb-poled-144hz-black-beauty-1805
Xiaomi,Redmi Note 13 Pro+,Xiaomi Redmi Note 13 Pro+ 5G 12GB/512GB Aurora Purple,22980,Anhoch,https://www.anhoch.com/products/xiaomi-redmi-note-13-pro-plus--5g-12gb512gb-aurora-purple-2324
Xiaomi,Redmi Note 13 Pro+,Xiaomi Redmi Note 13 Pro+ 5G 8GB/256GB Aurora Purple,20980,Anhoch,https://www.anhoch.com/products/xiaomi-redmi-note-13-pro-plus--5g-8gb256gb-aurora-purple-2326
Samsung,Galaxy A55 5,Samsung Galaxy A55 5G A556 8GB/256GB Awesome Navy,25480,Anhoch,https://www.anhoch.com/products/samsung-galaxy-a55-5g-a556-8gb256gb-awesome-navy-2327
Apple,iPhone 12,Apple iPhone 12 64GB White,29980,Anhoch,https://www.anhoch.com/products/apple-iphone-12-64gb-white-6743
Samsung,Galaxy A55 5,Samsung Galaxy A55 5G A556 8GB/256GB Awesome Lilac,25480,Anhoch,https://www.anhoch.com/products/samsung-galaxy-a55-5g-a556-8gb256gb-awesome-lilac-2328
Samsung,Galaxy A55 5,Samsung Galaxy A55 5G A556 8GB/128GB Awesome Iceblue,22980,Anhoch,https://www.anhoch.com/products/samsung-galaxy-a55-5g-a556-8gb128gb-awesome-iceblue-2329
Samsung,Galaxy A35 5,Samsung Galaxy A35 5G A356 6GB/128GB Awesome Lilac,17480,Anhoch,https://www.anhoch.com/products/samsung-galaxy-a35-5g-a356-6gb128gb-awesome-lilac-2330
Samsung,Galaxy A16,Samsung Galaxy A16 A165 4GB/128GB Black,8980,Anhoch,https://www.anhoch.com/products/samsung-galaxy-a16-a165-4gb128gb-black-7274
Xiaomi,Redmi A3,Xiaomi Redmi A3 4GB/128GB Midnight Black,5480,Anhoch,https://www.anhoch.com/products/xiaomi-redmi-a3-4gb128gb-midnight-black-5739
Samsung,Galaxy A16,Samsung Galaxy A16 A165 4GB/128GB Light Green,8980,Anhoch,https://www.anhoch.com/products/samsung-galaxy-a16-a165-4gb128gb-light-green-7275
Xiaomi,Redmi A3,Xiaomi Redmi A3 4GB/128GB Star Blue,5480,Anhoch,https://www.anhoch.com/products/xiaomi-redmi-a3-4gb128gb-star-blue-5740
Samsung,Galaxy A16,Samsung Galaxy A16 A165 4GB/128GB Gray,8980,Anhoch,https://www.anhoch.com/products/samsung-galaxy-a16-a165-4gb128gb-gray-7276
Xiaomi,Xiaomi 14 Ultra,Xiaomi 14 Ultra 5G 16GB/512GB Black,91980,Anhoch,https://www.anhoch.com/products/xiaomi-14-ultra-5g-16gb512gb-black-5741
Samsung,Galaxy A55 5,Samsung Galaxy A55 5G A556 8GB/256GB Awesome Iceblue,25480,Anhoch,https://www.anhoch.com/products/samsung-galaxy-a55-5g-a556-8gb256gb-awesome-iceblue-2339
Samsung,Galaxy A15,Samsung Galaxy A15 A155 4GB/128GB Black,8980,Anhoch,https://www.anhoch.com/products/samsung-galaxy-a15-a155-4gb128gb-black-2101
Apple,iPhone 15 Pro,Apple iPhone 15 Pro 256GB White-Titanium,74980,Anhoch,https://www.anhoch.com/products/apple-iphone-15-pro-256gb-whitetitanium-1126
Samsung,Galaxy A55 5,Samsung Galaxy A55 5G A556 8GB/256GB Awesome Lemon,25480,Anhoch,https://www.anhoch.com/products/samsung-galaxy-a55-5g-a556-8gb256gb-awesome-lemon-2363
Samsung,Galaxy A55 5,Samsung Galaxy A55 5G A556 8GB/128GB Awesome Lilac,22980,Anhoch,https://www.anhoch.com/products/samsung-galaxy-a55-5g-a556-8gb128gb-awesome-lilac-2364
Samsung,Galaxy A35 5,Samsung Galaxy A35 5G A356 6GB/128GB Awesome Navy,17480,Anhoch,https://www.anhoch.com/products/samsung-galaxy-a35-5g-a356-6gb128gb-awesome-navy-2366
Apple,iPhone 14,Apple iPhone 14 128GB Yellow,43680,Anhoch,https://www.anhoch.com/products/apple-iphone-14-128gb-yellow-9086
Samsung,Galaxy A35 5,Samsung Galaxy A35 5G A356 6GB/128GB Awesome Iceblue,17480,Anhoch,https://www.anhoch.com/products/samsung-galaxy-a35-5g-a356-6gb128gb-awesome-iceblue-2367
Samsung,Galaxy A35 5,Samsung Galaxy A35 5G A356 8GB/256GB Awesome Iceblue,21480,Anhoch,https://www.anhoch.com/products/samsung-galaxy-a35-5g-a356-8gb256gb-awesome-iceblue-2368
Samsung,Galaxy A35 5,Samsung Galaxy A35 5G A356 8GB/256GB Awesome Lilac,21480,Anhoch,https://www.anhoch.com/products/samsung-galaxy-a35-5g-a356-8gb256gb-awesome-lilac-2369
Apple,iPhone 16 Pro,Apple iPhone 16 Pro 256GB Black Titanium,89480,Anhoch,https://www.anhoch.com/products/apple-iphone-16-pro-256gb-black-titanium-3697
Samsung,Galaxy A35 5,Samsung Galaxy A35 5G A356 8GB/256GB Awesome Navy,21480,Anhoch,https://www.anhoch.com/products/samsung-galaxy-a35-5g-a356-8gb256gb-awesome-navy-2370
Xiaomi,Redmi Note 13 Pro,Xiaomi Redmi Note 13 Pro 8GB/256GB Forest Green,15980,Anhoch,https://www.anhoch.com/products/xiaomi-redmi-note-13-pro-8gb256gb-forest-green-2115
Samsung,Galaxy A35 5,Samsung Galaxy A35 5G A356 6GB/128GB Awesome Lemon,17480,Anhoch,https://www.anhoch.com/products/samsung-galaxy-a35-5g-a356-6gb128gb-awesome-lemon-2371
Samsung,Galaxy A35 5,Samsung Galaxy A35 5G A356 8GB/256GB Awesome Lemon,21480,Anhoch,https://www.anhoch.com/products/samsung-galaxy-a35-5g-a356-8gb256gb-awesome-lemon-2372
Google,Pixel 9,Google Pixel 9 128GB Obsidian,68980,Anhoch,https://www.anhoch.com/products/google-pixel-9-128gb-obsidian-3189
Apple,iPhone 15 Pro,Apple iPhone 15 Pro 256GB Natural Titanium,74980,Anhoch,https://www.anhoch.com/products/apple-iphone-15-pro-256gb-natural-titanium-1913
Google,Pixel 9 Pro XL,Google Pixel 9 Pro XL 128GB Obsidian,79980,Anhoch,https://www.anhoch.com/products/google-pixel-9-pro-xl-128gb-obsidian-3193
Cat,S62 Pro,Cat S62 Pro 128GB LTE Dual Sim Black,35980,Anhoch,https://www.anhoch.com/products/cat-s62-pro-128gb-lte-dual-sim-black-0652
Nokia,Nokia 105,Nokia 105 (2023) Black,1590,Anhoch,https://www.anhoch.com/products/nokia-105-2023-black-1870
Nokia,Nokia 150,Nokia 150 (2023) Black,2780,Anhoch,https://www.anhoch.com/products/nokia-150-2023-black-1872
Samsung,Galaxy S24 FE,Samsung Galaxy S24 FE 5G 8GB/256GB Light Blue,46980,Anhoch,https://www.anhoch.com/products/samsung-galaxy-s24-fe-5g-8gb256gb-light-blue-7073
Samsung,Galaxy S24 FE,Samsung Galaxy S24 FE 5G 8GB/128GB Graphite Gray,41980,Anhoch,https://www.anhoch.com/products/samsung-galaxy-s24-fe-5g-8gb128gb-graphite-gray-7074
Samsung,Galaxy S24 FE,Samsung Galaxy S24 FE 5G 8GB/256GB Graphite Gray,46980,Anhoch,https://www.anhoch.com/products/samsung-galaxy-s24-fe-5g-8gb256gb-graphite-gray-7075
Apple,iPhone 16,Apple iPhone 16 128GB Black,59980,Anhoch,https://www.anhoch.com/products/apple-iphone-16-128gb-black-3208
Apple,iPhone 16,Apple iPhone 16 128GB Pink,59980,Anhoch,https://www.anhoch.com/products/apple-iphone-16-128gb-pink-3209
Apple,iPhone 16,Apple iPhone 16 128GB Teal,59980,Anhoch,https://www.anhoch.com/products/apple-iphone-16-128gb-teal-3210
Apple,iPhone 16,Apple iPhone 16 128GB Ultramarine,59980,Anhoch,https://www.anhoch.com/products/apple-iphone-16-128gb-ultramarine-3211
Apple,iPhone 16 Pro,Apple iPhone 16 Pro 128GB White Titanium,80680,Anhoch,https://www.anhoch.com/products/apple-iphone-16-pro-128gb-white-titanium-3213
Samsung,Galaxy A55 5,Samsung Galaxy A55 5G A556 8GB/128GB Awesome Navy,22980,Anhoch,https://www.anhoch.com/products/samsung-galaxy-a55-5g-a556-8gb128gb-awesome-navy-2398
Apple,iPhone 16 Pro,Apple iPhone 16 Pro 128GB Desert Titanium,80680,Anhoch,https://www.anhoch.com/products/apple-iphone-16-pro-128gb-desert-titanium-3214
Apple,iPhone 16 Pro,Apple iPhone 16 Pro 128GB Natural Titanium,80680,Anhoch,https://www.anhoch.com/products/apple-iphone-16-pro-128gb-natural-titanium-3215
Samsung,Galaxy Z Fold 4,Samsung Galaxy Z Fold 4 5G Beige,54980,Anhoch,https://www.anhoch.com/products/samsung-galaxy-z-fold-4-5g-beige-0608
Apple,iPhone 16 Pro,Apple iPhone 16 Pro 256GB Natural Titanium,89480,Anhoch,https://www.anhoch.com/products/apple-iphone-16-pro-256gb-natural-titanium-3216
Nokia,Nokia 110,Nokia 110 (2023) Dual Sim Black,2090,Anhoch,https://www.anhoch.com/products/nokia-110-2023-dual-sim-black-2146
Samsung,Galaxy Z Fold 5,Samsung Galaxy Z Fold 5 5G 12GB/256GB Cream,72980,Anhoch,https://www.anhoch.com/products/samsung-galaxy-z-fold-5-5g-12gb256gb-cream-1637
Apple,iPhone 16 Plus,Apple iPhone 16 Plus 128GB Black,73880,Anhoch,https://www.anhoch.com/products/apple-iphone-16-plus-128gb-black-3221
Philips,E102A,Mobile Phone Philips E102A Dual Sim Black,1590,Anhoch,https://www.anhoch.com/products/mobile-phone-philips-e102a-dual-sim-black-3494
Apple,iPhone 15 Plus,Apple iPhone 15 Plus 128GB Black,59980,Anhoch,https://www.anhoch.com/products/apple-iphone-15-plus-128gb-black-0158
Apple,iPhone 15 Pro,Apple iPhone 15 Pro 128GB White Titanium,69980,Anhoch,https://www.anhoch.com/products/apple-iphone-15-pro-128gb-white-titanium-0160
Apple,iPhone 15 Pro,Apple iPhone 15 Pro 128GB Blue Titanium,69980,Anhoch,https://www.anhoch.com/products/apple-iphone-15-pro-128gb-blue-titanium-0162
Motorola,Edge 40 Neo,Motorola Edge 40 Neo 5G 12GB/256GB pOLED 144Hz Caneel Bay,17480,Anhoch,https://www.anhoch.com/products/motorola-edge-40-neo-5g-12gb256gb-poled-144hz-caneel-bay-5827
Apple,iPhone 15 Pro,Apple iPhone 15 Pro 256GB White Titanium,74980,Anhoch,https://www.anhoch.com/products/apple-iphone-15-pro-256gb-white-titanium-0164
Apple,iPhone 15 Pro Max,Apple iPhone 15 Pro Max 256GB Black Titanium,87980,Anhoch,https://www.anhoch.com/products/apple-iphone-15-pro-max-256gb-black-titanium-0165
Xiaomi,Xiaomi 13T,Xiaomi 13T 5G 8GB/256GB Alpine Blue,29980,Anhoch,https://www.anhoch.com/products/xiaomi-13t-5g-8gb256gb-alpine-blue-1654
Apple,iPhone 15 Pro Max,Apple iPhone 15 Pro Max 256GB Natural Titanium,87980,Anhoch,https://www.anhoch.com/products/apple-iphone-15-pro-max-256gb-natural-titanium-0167
Apple,iPhone 16,Apple iPhone 16 128GB White MYE93,59980,Anhoch,https://www.anhoch.com/products/apple-iphone-16-128gb-white-mye93-3495
Xiaomi,Xiaomi 13T Pro,Xiaomi 13T Pro 5G 12GB/512GB Alpine Blue,39980,Anhoch,https://www.anhoch.com/products/xiaomi-13t-pro-5g-12gb512gb-alpine-blue-1656
Apple,iPhone 15 Pro Max,Apple iPhone 15 Pro Max 256GB Blue Titanium,87980,Anhoch,https://www.anhoch.com/products/apple-iphone-15-pro-max-256gb-blue-titanium-0168
Xiaomi,Xiaomi 13T Pro,Xiaomi 13T Pro 5G 12GB/512GB Black,39980,Anhoch,https://www.anhoch.com/products/xiaomi-13t-pro-5g-12gb512gb-black-1657
Apple,iPhone 15 Pro Max,Apple iPhone 15 Pro Max 512GB Black Titanium,94980,Anhoch,https://www.anhoch.com/products/apple-iphone-15-pro-max-512gb-black-titanium-0169
Motorola,Moto G04,Motorola Moto G04 4GB/128GB Concord Black,4980,Anhoch,https://www.anhoch.com/products/motorola-moto-g04-4gb128gb-concord-black-3756
Motorola,Moto G04,Motorola Moto G04 4GB/128GB Satin Blue,4980,Anhoch,https://www.anhoch.com/products/motorola-moto-g04-4gb128gb-satin-blue-3757
Motorola,Moto G04,Motorola Moto G04 4GB/128GB Sea Green,4980,Anhoch,https://www.anhoch.com/products/motorola-moto-g04-4gb128gb-sea-green-3758
Motorola,Moto G04,Motorola Moto G04 4GB/128GB Sunrise Orange,4980,Anhoch,https://www.anhoch.com/products/motorola-moto-g04-4gb128gb-sunrise-orange-3759
Samsung,Galaxy S24 FE,Samsung Galaxy S24 FE 5G 8GB/256GB Mint Green,46980,Anhoch,https://www.anhoch.com/products/samsung-galaxy-s24-fe-5g-8gb256gb-mint-green-7120
Samsung,Galaxy S24 FE,Samsung Galaxy S24 FE 5G 8GB/256GB Yellow,46980,Anhoch,https://www.anhoch.com/products/samsung-galaxy-s24-fe-5g-8gb256gb-yellow-7121
Apple,iPhone 15,Apple iPhone 15 128GB Black MTP03Z,52980,Anhoch,https://www.anhoch.com/products/apple-iphone-15-128gb-black-mtp03z-3766
Samsung,Galaxy S23 Plus,Samsung Galaxy S23 Plus 5G 8GB/256GB Lavender,61980,Anhoch,https://www.anhoch.com/products/samsung-galaxy-s23-plus-5g-8gb256gb-lavender-0904
Samsung,Galaxy S23 Plus,Samsung Galaxy S23 Plus 5G 8GB/256GB Green,61980,Anhoch,https://www.anhoch.com/products/samsung-galaxy-s23-plus-5g-8gb256gb-green-0905
Samsung,Galaxy A55 5,Samsung Galaxy A55 5G A556 8GB/128GB Awesome Lemon,22980,Anhoch,https://www.anhoch.com/products/samsung-galaxy-a55-5g-a556-8gb128gb-awesome-lemon-2444
Apple,iPhone 14,Apple iPhone 14 128GB Starlight,43680,Anhoch,https://www.anhoch.com/products/apple-iphone-14-128gb-starlight-9167
Apple,iPhone 16,Apple iPhone 16 128GB White,59980,Anhoch,https://www.anhoch.com/products/apple-iphone-16-128gb-white-3263
